dimensions,description,product_number,number
86 x 38.75 x 40.5H,Double Reclining Love Seat,8240-3,8240-3
63.25 x 38.75 x 40.5H,Double Reclining Love Seat,8240-3,8240-2
40 x 38.75 x 40.5H,Reclining Chair,8240-3,8240-1
27.5 x 31 x 38.5H,Accent Chair,1277,1277F1S
27.5 x 31 x 38.5H,Accent Chair,1277,1277F2S
28.25 x 32 x 46H,Accent Chair,1197,1197F1S
28.25 x 32 x 46H,Accent Chair,1197,1197F2S
78 x 58 x 34.5H,Reversible Sofa Chaise,9789BRG-3LC,9789BRG-3LC
47.5 x 24 x 18.5H,Ottoman,9789BRG-3LC,9789BRG-4
36 x 36 x 34H,Armless Chair,8226GY,8226GY-AC
36.5 x 36.5 x 34H,Corner Seat,8226GY,8226GY-CR
36 x 36 x 17.75H,Ottoman,8226GY,8226GY-4
36 x 36 x 34H,Armless Chair,8226DB,8226DB-AC
36.5 x 36.5 x 34H,Corner Seat,8226DB,8226DB-CR
36 x 36 x 17.75H,Ottoman,8226DB,8226DB-4
76.5 x 32.5 x 33.5H,,8367CH-3,8367CH-3
32.75 x 78 x 33.5H,,8367CH-3,8367CH-5
37.5 x 26 x 18H,Ottoman,8367CH-3,8367CH-4
76.5 x 32.5 x 33.5H,,8367TP-3,8367TP-3
32.75 x 78 x 33.5H,,8367TP-3,8367TP-5
37.5 x 26 x 18H,Ottoman,8367TP-3,8367TP-4
84 x 107 x 35H,Reversible Sectional,8202CH-SC,8202CH-SC
72 x 32 x 35H,Sofa,8202CH-3,8202CH-3
56.75 x 32 x 35H,Love Seat,8202CH-3,8202CH-2
84 x 107 x 35H,Reversible Sectional,8202GRY-SC,8202GRY-SC
72 x 32 x 35H,Sofa,8202GRY-3,8202GRY-3
56.75 x 32 x 35H,Love Seat,8202GRY-3,8202GRY-2
76 x 33 x 34H,Left Side 3-Seater,8378GRY-L,8378GRY-L
80 x 33 x 34H,Right Side Chaise,8378GRY-L,8378GRY-R
45 x 25 x 20H,Ottoman,8378GRY-L,8378GRY-4
76 x 33 x 34H,Left Side 3-Seater,8378BLK-L,8378BLK-L
80 x 33 x 34H,Right Side Chaise,8378BLK-L,8378BLK-R
45 x 25 x 20H,Ottoman,8378BLK-L,8378BLK-4
76 x 33 x 34H,Left Side 3-Seater,8378BRW-L,8378BRW-L
80 x 33 x 34H,Right Side Chaise,8378BRW-L,8378BRW-R
45 x 25 x 20H,Ottoman,8378BRW-L,8378BRW-4
78 x 34 x 35H,Sofa,8219-3,8219-3
63 x 34 x 35H,Love Seat,8219-3,8219-2
43 x 34 x 35H,Chair,8219-3,8219-1
47 x 24 x 17H,Cocktail Table,8219-3,8219-30
78.25 x 32.5 x 30.5H,Sofa,8224TN-3,8224TN-3
58 x 32.5 x 30.5H,Love Seat,8224TN-3,8224TN-2
39.25 x 32.5 x 30.5H,Chair,8224TN-3,8224TN-1
78.25 x 32.5 x 30.5H,Sofa,8224DG-3,8224DG-3
58 x 32.5 x 30.5H,Love Seat,8224DG-3,8224DG-2
39.25 x 32.5 x 30.5H,Chair,8224DG-3,8224DG-1
90 x 36 x 37H,Sofa,9619DB-3,9619DB-3
70 x 36 x 37H,Love Seat,9619DB-3,9619DB-2
47 x 36 x 37H,Chair,9619DB-3,9619DB-1
86.5 x 38.25 x 37.5H,Sofa,8204-3,8204-3
39.5 x 38.25 x 37.5H,Chair,8204-3,8204-1
63 x 38.25 x 37.5H,Love Seat,8204-3,8204-2
85.5 x 34.25 x 36.5H,Sofa,8216SD-3,8216SD-3
63 x 34.25 x 36.5H,Love Seat,8216SD-3,8216SD-2
40.5 x 34.25 x 36.5H,Chair,8216SD-3,8216SD-1
85.5 x 34.25 x 36.5H,Sofa,8216DG-3,8216DG-3
63 x 34.25 x 36.5H,Love Seat,8216DG-3,8216DG-2
40.5 x 34.25 x 36.5H,Chair,8216DG-3,8216DG-1
87 x 35.5 x 37H,Sofa,8225-3,8225-3
75.5 x 35.5 x 37H,Love Seat,8225-3,8225-2
39.25 x 35.5 x 37H,Chair,8225-3,8225-1
26 x 26 x 19H,Ottoman,8225-3,8225-4
79.5 x 33 x 34H,Sofa,8203GY-3,8203GY-3
57.5 x 33 x 34H,Love Seat,8203GY-3,8203GY-2
35.5 x 33 x 34H,Chair,8203GY-3,8203GY-1
79.5 x 33 x 34H,Sofa,8203RD-3,8203RD-3
57.5 x 33 x 34H,Love Seat,8203RD-3,8203RD-2
35.5 x 33 x 34H,Chair,8203RD-3,8203RD-1
31 x 58.5 x 33H,Left Side Chaise,8235SS,8235SS-L
58 x 34.5 x 33H,Right Side 2-Seater,8235SS,8235SS-R
88.25 x 34.5 x 33H,Sofa,8235SS-3,8235SS-3
61.5 x 34.5 x 33H,Love Seat,8235SS-3,8235SS-2
35 x 34.5 x 33H,Chair,8235SS-3,8235SS-1
31 x 58.5 x 33H,Left Side Chaise,8235GY,8235GY-L
58 x 34.5 x 33H,Right Side 2-Seater,8235GY,8235GY-R
88.25 x 34.5 x 33H,Sofa,8235GY-3,8235GY-3
61.5 x 34.5 x 33H,Love Seat,8235GY-3,8235GY-2
35 x 34.5 x 33H,Chair,8235GY-3,8235GY-1
34.75 x 34.75 x 37H,Corner Seat,8327RED-CR,8327RED-CR
61.5 x 36.25 x 37H,Left Side 2-Seater,8327RED-CR,8327RED-L
61.5 x 36.25 x 37H,Right Side 2-Seater,8327RED-CR,8327RED-R
85.5 x 33.75 x 35.5H,Sofa,8327RED-3,8327RED-3
67.25 x 33.75 x 35.5H,Love Seat,8327RED-3,8327RED-2
40.25 x 33.75 x 35.5H,Chair,8327RED-3,8327RED-1
34.75 x 34.75 x 37H,Corner Seat,8327BLK-CR,8327BLK-CR
61.5 x 36.25 x 37H,Left Side 2-Seater,8327BLK-CR,8327BLK-L
61.5 x 36.25 x 37H,Right Side 2-Seater,8327BLK-CR,8327BLK-R
85.5 x 33.75 x 35.5H,Sofa,8327BLK-3,8327BLK-3
67.25 x 33.75 x 33.5H,Love Seat,8327BLK-3,8327BLK-2
40.25 x 33.75 x 33.5H,Chair,8327BLK-3,8327BLK-1
81 x 39 x 39H,Sofa,8244SD-3,8244SD-3
63 x 39 x 39H,Love Seat,8244SD-3,8244SD-2
41 x 39 x 39H,Sofa,8244SD-3,8244SD-1
81 x 39 x 39H,Sofa,8244RN-3,8244RN-3
63 x 39 x 39H,Love Seat,8244RN-3,8244RN-2
41 x 39 x 39H,Chair,8244RN-3,8244RN-1
81 x 39 x 39H,Sofa,8244BU-3,8244BU-3
63 x 39 x 39H,Love Seat,8244BU-3,8244BU-2
41 x 39 x 39H,Chair,8244BU-3,8244BU-1
89.25 x 31.5 x 31.5H,Sofa,8379TL-3,8379TL-3
64.5 x 31.5 x 31.5H,Love Seat,8379TL-3,8379TL-2
40.25 x 31.5 x 31.5H,Chair,8379TL-3,8379TL-1
89.25 x 31.5 x 31.5H,Sofa,8379BE-3,8379BE-3
64.5 x 31.5 x 31.5H,Love Seat,8379BE-3,8379BE-2
40.25 x 31.5 x 31.5H,Chair,8379BE-3,8379BE-1
89.25 x 31.5 x 31.5H,Sofa,8379GY-3,8379GY-3
64.5 x 31.5 x 31.5H,Love Seat,8379GY-3,8379GY-2
40.25 x 31.5 x 31.5H,Chair,8379GY-3,8379GY-1
88.5 x 36.25 x 35.75H,Sofa,8207-3,8207-3
61.75 x 36.25 x 35.75H,Love Seat,8207-3,8207-2
35 x 36.25 x 35.75H,Chair,8207-3,8207-1
,,8245BR-3,8245BR-3SL
83 x 36 x 38H,Sofa,8245BR-3,8245BR-3
57 x 36 x 38H,Love Seat,8245BR-3,8245BR-2
36 x 36 x 38H,Chair,8245BR-3,8245BR-1
,,8245GY-3,8245GY-3SL
83 x 36 x 38H,Sofa,8245GY-3,8245GY-3
57 x 36 x 38H,Love Seat,8245GY-3,8245GY-2
36 x 36 x 38H,Chair,8245GY-3,8245GY-1
95 x 40.25 x 38.5H,Sofa,8477DB-3,8477DB-3
69 x 40.25 x 38.5H,Love Seat,8477DB-3,8477DB-2
55.25 x 40.25 x 38.5H,Chair,8477DB-3,8477DB-1
89 x 37.25 x 34.25H,Sofa,8337FA-3,8337FA-3
69.75 x 37.25 x 34.25H,Love Seat,8337FA-3,8337FA-2
35.5 x 37.25 x 34.25H,Armless Chair,8337FA-3,8337FA-1
46 x 23.5 x 19H,Ottoman,8337FA-3,8337FA-4
64.25 x 43 x 32H,Corner Seat,8427-CR,8427-CR
87.75 x 39.75 x 32H,Left Side 3-Seater,8427-CR,8427-L
63.75 x 39.75 x 32H,Right Side 2-Seater,8427-CR,8427-R
84.5 x 38 x 36.5H,Sofa,8380-3,8380-3
61 x 38 x 36.5H,Love Seat,8380-3,8380-2
35 x 38 x 36.5H,Chair,8380-3,8380-1
83.5 x 33.75 x 38.75H,Sofa,8234RD-3,8234RD-3
61.5 x 33.75 x 38.75H,Love Seat,8234RD-3,8234RD-2
33.75 x 61.75 x 38.75H,Chaise,8234RD-3,8234RD-5
83.5 x 33.75 x 38.75H,Sofa,8234TT-3,8234TT-3
61.5 x 33.75 x 38.75H,Love Seat,8234TT-3,8234TT-2
33.75 x 61.75 x 38.75H,Chaise,8234TT-3,8234TT-5
91.75 x 35.25 x 38.5H,Sofa,8233TT-3,8233TT-3
69.25 x 35.25 x 38.5H,Love Seat,8233TT-3,8233TT-2
34.25 x 58.25 x 33.5H,Chaise,8233TT-3,8233TT-5
91.75 x 35.25 x 38.5H,Sofa,8233FA-3,8233FA-3
69.25 x 35.25 x 38.5H,Love Seat,8233FA-3,8233FA-2
34.25 x 58.25 x 38.5H,Chaise,8233FA-3,8233FA-5
98 x 36.5 x 43H,Sofa,17049-3,17049-3
69 x 36.5 x 42.5H,Love Seat,17049-3,17049-2
46 x 36.5 x 40.25H,Chair,17049-3,17049-1
86 x 37 x 38H,Sofa,9616CN-3,9616CN-3
63 x 37 x 38H,Love Seat,9616CN-3,9616CN-2
42 x 37 x 38H,Chair,9616CN-3,9616CN-1
85 x 36 x 39H,Sofa,8239-3,8239-3
64 x 36 x 39H,Love Seat,8239-3,8239-2
44 x 36 x 39H,Chair,8239-3,8239-1
88 x 39 x 39.5H,Double Reclining Sofa,8200BRW-3,8200BRW-3
76.75 x 39 x 39.5H,Double Reclining Love Seat with Center Console,8200BRW-3,8200BRW-2
42 x 39 x 39.5H,Glider Reclining Chair,8200BRW-3,8200BRW-1
88 x 39 x 39.5H,Power Double Reclining Sofa,8200BRW-3PW,8200BRW-3PW
, POWER Double Reclining Love Seat with Center Console ,8200BRW-3PW,8200BRW-2PW
42 x 39 x 39.5H,Power Reclining Chair,8200BRW-3PW,8200BRW-1PW
89 x 40.5 x 41.75H,Power Double Reclining Sofa,8399-3PW,8399-3PW
89 x 40.5 x 41.75H,Double Reclining Sofa,8399-3PW,8399-3
68 x 40.5 x 41.75H,Power Double Reclining Love Seat,8399-3PW,8399-2PW
68 x 40.5 x 41.75H,Double Reclining Love Seat,8399-3PW,8399-2
45.25 x 40.5 x 41.75H,Power Reclining Chair,8399-3PW,8399-1PW
45.25 x 40.5 x 41.75H,Glider Reclining Chair,8399-3PW,8399-1
87 x 37 x 39.25H,Power Double Reclining Sofa,8223DB-3PW,8223DB-3PW
66 x 37 x 39.25H,Power Double Reclining Love Seat,8223DB-3PW,8223DB-2PW
43 x 37 x 39.25H,Power Reclining Chair,8223DB-3PW,8223DB-1PW
87 x 37 x 39.25H,Power Double Reclining Sofa,8223BK-3PW,8223BK-3PW
66 x 37 x 39.25H,Power Double Reclining Love Seat,8223BK-3PW,8223BK-2PW
43 x 37 x 39.25H,Power Reclining Chair,8223BK-3PW,8223BK-1PW
91 x 37 x 37.75H,Power Double Reclining Sofa,8355-3PW,8355-3PW
67.75 x 37 x 37.75H,Power Left Side Reclining Love Seat,8355-3PW,8355-2PW
44.5 x 37 x 37.75H,Power Reclining Chair,8355-3PW,8355-1PW
82 x 39.5 x 39.5H,Double Reclining Sofa,8329CH-3,8329CH-3
62 x 39.5 x 39.5H,Double Reclining Love Seat,8329CH-3,8329CH-2
37.5 x 39.5 x 39.5H,Reclining Chair,8329CH-3,8329CH-1
86 x 39.25 x 40.5H,Double Reclining Sofa,8210GRY-3,8210GRY-3
78 x 39.25 x 40.5H,Double Glider Reclining Love Seat with Center Console,8210GRY-3,8210GRY-2
39 x 39.25 x 40.5H,Glider Reclining Chair,8210GRY-3,8210GRY-1
87.5 x 38.5 x 39H,Double Reclining Sofa with Center Drop-Down Cup Holders,8334DBR-3,8334DBR-3
78 x 38.5 x 39H,Double Glider Reclining Love Seat with Center Console,8334DBR-3,8334DBR-2
42 x 38.5 x 39H,Swivel Glider Reclining Chair,8334DBR-3,8334DBR-1
81.5 x 39 x 39H,Double Reclining Sofa with Center Drop-Down Cup Holders,8201BRW-3,8201BRW-3
72.5 x 39 x 39H,Double Glider Reclining Love Seat with Center Console,8201BRW-3,8201BRW-2
35.5 x 39 x 39H,Glider Reclining Chair,8201BRW-3,8201BRW-1
81.5 x 39 x 39H,Double Reclining Sofa with Center Drop-Down Cup Holders,8201BLK-3,8201BLK-3
72.5 x 39 x 39H,Double Glider Reclining Love Seat with Center Console,8201BLK-3,8201BLK-2
35.5 x 39 x 39H,Glider Reclining Chair,8201BLK-3,8201BLK-1
86.5 x 40.25 x 40.25H,,8206NF-3,8206NF-3
76 x 40.25 x 40.25H,,8206NF-3,8206NF-2
45 x 40.25 x 40.25H,Glider Reclining Chair,8206NF-3,8206NF-1
86.5 x 40.25 x 40.25H,Double Reclining Sofa with Center Drop-Down Cup Holders,8206BRW-3,8206BRW-3
76 x 40.25 x 40.25H,Double Glider Reclining Love Seat with Center Console,8206BRW-3,8206BRW-2
45 x 40.25 x 40.25H,Glider Reclining Chair,8206BRW-3,8206BRW-1
88 x 40.25 x 39H,Double Reclining Sofa,8370BRW-3,8370BRW-3
76 x 40.25 x 39H,Double Glider Reclining Love Seat with Center Console,8370BRW-3,8370BRW-2
40.5 x 40.25 x 39H,Glider Reclining Chair,8370BRW-3,8370BRW-1
31.5 x 38.75 x 40H,Armless Chair,8212-AC,8212-AC
31.5 x 38.75 x 40H,Armless Reclining Chair,8212-AC,8212-AR
13.5 x 37.5 x 40H,Console,8212-AC,8212-CN
66 x 41.5 x 40H,Corner Seat,8212-AC,8212-CR
41 x 38.75 x 40H,Left Side Reclining Chair,8212-AC,8212-LR
41 x 38.75 x 40H,Right Side Reclining Chair,8212-AC,8212-RR
32 x 39 x 40H,Armless Chair,8238-AC,8238-AC
32 x 39 x 40H,Armless Reclining Chair,8238-AC,8238-AR
13.5 x 38 x 40H,Console,8238-AC,8238-CN
68 x 41 x 40H,Corner Seat,8238-AC,8238-CR
42 x 62.5 x 40H,"Left Side Chaise, Push Back Recliner",8238-AC,8238-LC
42 x 39 x 40H,Left Side Reclining Chair,8238-AC,8238-LR
42 x 62.5 x 40H,"Right Side Chaise, Push Back Recliner",8238-AC,8238-RC
42 x 39 x 40H,Right Side Reclining Chair,8238-AC,8238-RR
31 x 39 x 40H,Armless Chair,8490FBR-AC,8490FBR-AC
31 x 39 x 40H,Armless Reclining Chair,8490FBR-AC,8490FBR-AR
13 x 39 x 40H,Console,8490FBR-AC,8490-CN
65 x 40 x 40H,Corner Seat,8490FBR-AC,8490FBR-CR
39 x 65 x 40H,"Left Side Chaise, Push Back Recliner",8490FBR-AC,8490FBR-LC
39 x 39 x 40H,Left Side Reclining Chair,8490FBR-AC,8490FBR-LR
39 x 65 x 40H,"Right Side Chaise, Push Back Recliner",8490FBR-AC,8490FBR-RC
39 x 39 x 40H,Right Side Reclining Chair,8490FBR-AC,8490FBR-RR
25.25 x 38.25 x 41H,Armless Chair,8229-AC,8229-AC
25.25 x 38.25 x 41H,Power Armless Reclining Chair,8229-AC,8229-ARPW
13 x 37.5 x 41H,Console,8229-AC,8229-CN
69 x 41.5 x 41H,Corner Seat,8229-AC,8229-CR
34 x 38.25 x 41H,Power Left Side Reclining Chair,8229-AC,8229-LRPW
34 x 38.25 x 41H,Power Right Side Reclining Chair,8229-AC,8229-RRPW
69 x 38 x 38.5H,Power Left Side Reclining Love Seat,8369GY-2LPW,8369GY-2LPW
69 x 38 x 38.5H,Power Right Side Reclining Love Seat,8369GY-2LPW,8369GY-2RPW
27.5 x 38 x 38.5H,Power Armless Reclining Chair,8369GY-2LPW,8369GY-ARPW
63 x 39.75 x 38.5H,Corner Seat,8369GY-2LPW,8369GY-CR
65.5 x 38.5 x 39.5H,Left Side Reclining Love Seat,8230BRW-2L,8230BRW-2L
65.5 x 38.5 x 39.5H,Right Side Double Reclining Love Seat with Center Console,8230BRW-2L,8230BRW-2RCN
65.5 x 41 x 39.5H,Corner Seat,8230BRW-2L,8230BRW-CR
87.5 x 38.5 x 39.5H,Double Reclining Sofa,8230BRW-3,8230BRW-3
78.5 x 38.5 x 39.5H,Double Glider Reclining Love Seat with Center Console,8230BRW-3,8230BRW-2
42.5 x 38.5 x 39.5H,Glider Reclining Chair,8230BRW-3,8230BRW-1
65.5 x 38.5 x 39.5H,Left Side Reclining Love Seat,8230BLK-2L,8230BLK-2L
78.5 x 38.5 x 39.5H,Right Side Double Reclining Love Seat with Center Console,8230BLK-2L,8230BLK-2RCN
65.5 x 41 x 39.5H,Corner Seat,8230BLK-2L,8230BLK-CR
87.5 x 38.5 x 39.5H,Double Reclining Sofa,8230BLK-3,8230BLK-3
78.5 x 38.5 x 39.5H,Double Glider Reclining Love Seat with Center Console,8230BLK-3,8230BLK-2
42.5 x 38.5 x 39.5H,Glider Reclining Chair,8230BLK-3,8230BLK-1
,,8480RED-2LCN,8480RED-2LCN
59.5 x 40.5 x 39H,Right Side Reclining Love Seat,8480RED-2LCN,8480RED-2R
22 x 40.5 x 39H,Armless Reclining Chair,8480RED-2LCN,8480RED-AR
68.5 x 43 x 39H,Corner Seat,8480RED-2LCN,8480RED-CR
,,8480GRY-2LCN,8480GRY-2LCN
59.5 x 40.5 x 39H,Right Side Reclining Love Seat,8480GRY-2LCN,8480GRY-2R
22 x 40.5 x 39H,Armless Reclining Chair,8480GRY-2LCN,8480GRY-AR
68.5 x 43 x 39H,Corner Seat,8480GRY-2LCN,8480GRY-CR
,,8480BRW-2LCN,8480BRW-2LCN
59.5 x 40.5 x 39H,Right Side Reclining Love Seat,8480BRW-2LCN,8480BRW-2R
22 x 40.5 x 39H,Armless Reclining Chair,8480BRW-2LCN,8480BRW-AR
68.5 x 43 x 39H,Corner Seat,8480BRW-2LCN,8480BRW-CR
32.25 x 62 x 39.5H,Left Side Chaise,8308,8308-5L
32.25 x 62 x 39.5H,Right Side Chaise,8308,8308-5R
23.25 x 36.5 x 39.5H,Armless Chair,8308,8308-AC
23.25 x 36.5 x 39.5H,Power Armless Reclining Chair,8308,8308-ARPW
13 x 36.5 x 39.5H,Console,8308,8308-CN
64.5 x 40 x 39.5H,Corner Seat,8308,8308-CR
32.25 x 36.5 x 39.5H,Power Left Side Reclining Chair,8308,8308-LCPW
32.25 x 36.5 x 39.5H,Power Right Side Reclining Chair,8308,8308-RCPW
109.5 x 36.75 x 39.5H,Power Double Reclining Sofa,8318-3PW,8318-3PW
,,8318-3PW,8318-2CNPW
41.25 x 36.75 x 39.5H,Power Reclining Chair,8318-3PW,8318-1PW
78 x 58 x 34.5H,Reversible Sofa Chaise,9789CF-3LC,9789CF-3LC
47.5 x 24 x 18.5H,Ottoman,9789CF-3LC,9789CF-4
26.5 x 35.25 x 37H,Armless Chair,8335,8335-AC
34.25 x 34.25 x 37H,Corner Seat,8335,8335-CR
61 x 35.25 x 37H,Left Side 2-Seater,8335,8335-LL
61 x 35.25 x 37H,Right Side 2-Seater,8335,8335-RL
38 x 38 x 19.25H,Ottoman,8335,8335-4
29.5 x 33 x 28.25H,Armless Chair,8303-AC,8303-AC
65.75 x 33 x 28.25H,Left Side 2-Seater/Right Side Chaise,8303-AC,8303-LL
57 x 31 x 18.5H,Ottoman,8303-AC,8303-OT
85.5 x 38.25 x 36.5H,Sofa,8478-3,8478-3
65.5 x 38.25 x 36.5H,Love Seat,8478-3,8478-2
41.5 x 38.25 x 36.5H,Chair,8478-3,8478-1
89.75 x 31 x 37.75H,Sofa,8323-3,8323-3
65 x 31 x 37.75H,Love Seat,8323-3,8323-2
40.25 x 31 x 37.75H,Chair,8323-3,8323-1
72.75 x 33.75 x 33.75H,Sofa,8312DG-3,8312DG-3
55.5 x 33.75 x 33.75H,Love Seat,8312DG-3,8312DG-2
36.75 x 33.75 x 33.75H,Chair,8312DG-3,8312DG-1
72.75 x 33.75 x 33.75H,Sofa,8312-3,8312-3
55.5 x 33.75 x 33.75H,Love Seat,8312-3,8312-2
36.75 x 33.75 x 33.75H,Chair,8312-3,8312-1
85.5 x 33.75 x 35.5H,Sofa,8327TL-3,8327TL-3
85.5 x 33.75 x 35.5H,Sofa,8327TL-3,8327BLK-3
40.25 x 33.75 x 35.5H,Chair,8327TL-3,8327TL-1
30 x 33.75 x 37H,Accent Chair,8327TL-3,8327TL-1S
85.5 x 33.75 x 35.5H,Sofa,8327BE-3,8327BE-3
67.25 x 33.75 x 35.5H,Love Seat,8327BE-3,8327BE-2
40.25 x 33.75 x 35.5H,Chair,8327BE-3,8327BE-1
30 x 33.75 x 37H,Accent Chair,8327BE-3,8327GY-1S
85.5 x 33.75 x 35.5H,Sofa,8327GY-3,8327GY-3
67.25 x 33.75 x 35.5H,Love Seat,8327GY-3,8327GY-2
40.25 x 33.75 x 33.5H,Chair,8327GY-3,8327GY-1
30 x 33.75 x 37H,Accent Chair,8327GY-3,8327GY-1S
72 x 31.5 x 36.25H,Sofa,8328-3,8328-3
50.75 x 31.5 x 36.25H,Love Seat,8328-3,8328-2
29.5 x 31.5 x 36.25H,Chair,8328-3,8328-1
95 x 40.25 x 38.5H,Sofa,8477-3,8477-3
69 x 40.25 x 38.5H,Love Seat,8477-3,8477-2
55.25 x 40.25 x 38.5H,Chair,8477-3,8477-1
37 x 28 x 20H,Ottoman,8477-3,8477-4
95 x 40.25 x 38.5H,Sofa,8477NF-3,8477NF-3
69 x 40.25 x 38.5H,Love Seat,8477NF-3,8477NF-2
55.25 x 40.25 x 38.5H,Chair,8477NF-3,8477NF-1
37 x 28 x 20H,Ottoman,8477NF-3,8477-4
87 x 33.75 x 31H,Sofa,8324-3,8324-3
61.5 x 33.75 x 31H,Love Seat,8324-3,8324-2
36.75 x 33.75 x 31H,Chair,8324-3,8324-1
36.25 x 36.25 x 18.25H,Ottoman,8324-3,8324-4
91.25 x 36 x 34.75H,Sofa,8469-3,8469-3
69.25 x 36 x 34.75H,Love Seat,8469-3,8469-2
50.5 x 36 x 35.75H,Chair,8469-3,8469-1
30 x 67.75 x 38.25H,Chaise,8469-3,8469-5
87.5 x 37.5 x 39.75H,Sofa,8313-3,8313-3
63.5 x 37.5 x 39.75H,Love Seat,8313-3,8313-2
33 x 33 x 45.5H,Accent Chair,8313-3,8313-1
97.5 x 41 x 41H,Sofa,19359-3,19359-3
81.75 x 41 x 41H,Love Seat,19359-3,19359-2
55.5 x 41 x 41H,Chair,19359-3,19359-1
82 x 39.5 x 39.5H,Double Reclining Sofa,8329BRW-3,8329BRW-3
62 x 39.5 x 39.5H,Double Reclining Love Seat,8329BRW-3,8329BRW-2
37.5 x 39.5 x 39.5H,Reclining Chair,8329BRW-3,8329BRW-1
82 x 39.5 x 39.5H,Double Reclining Sofa,8329BLK-3,8329BLK-3
62 x 39.5 x 39.5H,Double Reclining Love Seat,8329BLK-3,8329BLK-2
37.5 x 39.5 x 39.5H,Reclining Chair,8329BLK-3,8329BLK-1
91 x 42 x 39H,Triple Reclining Sofa,8414DBR-3,8414DBR-3
79.5 x 42 x 39H,Doble Glider Reclining Love Seat with Center Console,8414DBR-3,8414DBR-2
44.5 x 42 x 39H,Glider Reclining Chair,8414DBR-3,8414DBR-1
87.5 x 38.5 x 39H,Double Reclining Sofa with Center Drop-Down Cup Holders,8334BLK-3,8334BLK-3
78 x 38.5 x 39H,Doble Glider Reclining Love Seat with Center Console,8334BLK-3,8334BLK-2
42 x 38.5 x 39H,Swivel Glider Reclining Chair,8334BLK-3,8334BLK-1
32 x 39 x 40H,Armless Chair,8336,8336-AC
32 x 39 x 40H,Armless Reclining Chair,8336,8336-AR
13.5 x 38 x 40H,Console,8336,8336-CN
68 x 41 x 40H,Corner Seat,8336,8336-CR
42 x 62.5 x 40H,"Left Side Chaise, Push Back Recliner",8336,8336-LC
42 x 39 x 40H,Left Side Reclining Chair,8336,8336-LR
42 x 62.5 x 40H,"Right Side Chaise, Push Back Recliner",8336,8336-RC
42 x 39 x 40H,Right Side Reclining Chair,8336,8336-RR
31 x 39 x 40H,Armless Chair,8490,8490-AC
31 x 39 x 40H,Armless Reclining Chair,8490,8490-AR
13 x 39 x 40H,Console,8490,8490-CN
65 x 40 x 40H,Corner Seat,8490,8490-CR
39 x 65 x 40H,"Left Side Chaise, Push Back Recliner",8490,8490-LC
39 x 39 x 40H,Left Side Reclining Chair,8490,8490-LR
39 x 65 x 40H,"Right Side Chaise, Push Back Recliner",8490,8490-RC
39 x 39 x 40H,Right Side Reclining Chair,8490,8490-RR
39.5 x 62 x 39.5H,Left Side Chaise,8318-AC,8318-5L
39.5 x 62 x 39.5H,Right Side Chaise,8318-AC,8318-5R
30.5 x 36.75 x 39.5H,Armless Chair,8318-AC,8318-AC
30.5 x 36.75 x 39.5H,Power Armless Reclining Chair,8318-AC,8318-ARPW
13 x 36.75 x 39.5H,Console,8318-AC,8318-CN
64.5 x 40 x 39.5H,Corner Seat,8318-AC,8318-CR
39.5 x 36.75 x 39.5H,Power Left Side Reclining Chair,8318-AC,8318-LRPW
39.5 x 36.75 x 39.5H,Power Right Side Reclining Chair,8318-AC,8318-RRPW
21.75 x 21.75 x 20.25H,,4690-F2,4690-F2
21.75 x 21.75 x 20.25H,,4690-F2,4690-F3
21.75 x 21.75 x 20.25H,,4690-F2,4690-F4
88 x 40 x 39H,Power Double Reclining Sofa,8480BRW-3,8480BRW-3PW
88 x 40 x 39H,Double Reclining Sofa,8480BRW-3,8480BRW-3
65 x 40 x 39H,Power Double Reclining Love Seat,8480BRW-3,8480BRW-2PW
65 x 40 x 39H,Double Reclining Love Seat,8480BRW-3,8480BRW-2
42 x 40 x 39H,Power Reclining Chair,8480BRW-3,8480BRW-1PW
42 x 40 x 39H,Glider Reclining Chair,8480BRW-3,8480BRW-1
88 x 40 x 39H,Power Double Reclining Sofa,8480RED-3,8480RED-3PW
88 x 40 x 39H,Double Reclining Sofa,8480RED-3,8480RED-3
65 x 40 x 39H,Power Double Reclining Love Seat,8480RED-3,8480RED-2PW
65 x 40 x 39H,Double Reclining Love Seat,8480RED-3,8480RED-2
42 x 40 x 39H,Power Reclining Chair,8480RED-3,8480RED-1PW
42 x 40 x 39H,Glider Reclining Chair,8480RED-3,8480RED-1
88 x 40 x 39H,Power Double Reclining Sofa,8480GRY-3,8480GRY-3PW
88 x 40 x 39H,Double Reclining Sofa,8480GRY-3,8480GRY-3
65 x 40 x 39H,Power Double Reclining Love Seat,8480GRY-3,8480GRY-2PW
65 x 40 x 39H,Double Reclining Love Seat,8480GRY-3,8480GRY-2
42 x 40 x 39H,Power Reclining Chair,8480GRY-3,8480GRY-1PW
42 x 40 x 39H,Glider Reclining Chair,8480GRY-3,8480GRY-1
,,8444BLK-3PW,8444BLK-3PW
, Power Double Reclining Love Seat ,8444BLK-3PW,8444BLK-2PW
, Power Reclining Chair ,8444BLK-3PW,8444BLK-1PW
79 x 36.5 x 39.5H,Double Reclining Sofa,8325BLK-3,8325BLK-3
59 x 36.5 x 39.5H,Double Reclining Love Seat,8325BLK-3,8325BLK-2
38.5 x 36.5 x 39.5H,Reclining Chair,8325BLK-3,8325BLK-1
79 x 36.5 x 39.5H,Double Reclining Sofa,8325BRW-3,8325BRW-3
59 x 36.5 x 39.5H,Double Reclining Love Seat,8325BRW-3,8325BRW-2
38.5 x 36.5 x 39.5H,Reclining Chair,8325BRW-3,8325BRW-1
81.5 x 38.5 x 39H,Double Reclining Sofa,8326BLK-3,8326BLK-3
61 x 38.5 x 39H,Double Reclining Love Seat,8326BLK-3,8326BLK-2
42 x 38.5 x 39H,Reclining Chair,8326BLK-3,8326BLK-1
81.5 x 38.5 x 39H,Double Reclining Sofa,8326BRW-3,8326BRW-3
61 x 38.5 x 39H,Double Reclining Love Seat,8326BRW-3,8326BRW-2
42 x 38.5 x 39H,Reclining Chair,8326BRW-3,8326BRW-1
87.75 x 36.5 x 39.5H,Power Double Reclining Sofa,8308-3PW,8308-3PW
64.5 x 36.5 x 39.5H,Power Double Reclining Love Seat,8308-3PW,8308-2PW
41.25 x 36.5 x 39.5H,Power Reclining Chair,8308-3PW,8308-1PW
,,8300-3PW,8300-3PW
,,8300-3PW,8300-2PW
,,8300-3PW,8300-1PW
84.25 x 36 x 36.5H,Sofa,9734TP-3,9734TP-3
63 x 36 x 36.5H,Love Seat,9734TP-3,9734TP-2
40.5 x 36 x 36.5H,Chair,9734TP-3,9734TP-1
84.25 x 36 x 36.5H,Sofa,9734DB-3,9734DB-3
63 x 36 x 36.5H,Love Seat,9734DB-3,9734DB-2
40.5 x 36 x 36.5H,Chair,9734DB-3,9734DB-1
84.25 x 36 x 36.5H,Sofa,9734BK-3,9734BK-3
63 x 36 x 36.5H,Love Seat,9734BK-3,9734BK-2
40.5 x 36 x 36.5H,Chair,9734BK-3,9734BK-1
83 x 37.5 x 38.5H,Power Double Reclining Sofa,9700FCP,9700FCP-3PW
62 x 37.5 x 38.5H,Power Double Reclining Love Seat,9700FCP,9700FCP-2PW
38 x 37.5 x 38.5H,Power Reclining Chair,9700FCP,9700FCP-1PW
83 x 37.5 x 38.5H,Power Double Reclining Sofa,9700BRW-3PW,9700BRW-3PW
62 x 37.5 x 38.5H,Power Double Reclining Love Seat,9700BRW-3PW,9700BRW-2PW
38 x 37.5 x 38.5H,Power Reclining Chair,9700BRW-3PW,9700BRW-1PW
83 x 37.5 x 38.5H,Power Double Reclining Sofa,9700BLK-3PW,9700BLK-3PW
62 x 37.5 x 38.5H,Power Double Reclining Love Seat,9700BLK-3PW,9700BLK-2PW
38 x 37.5 x 38.5H,Power Reclining Chair,9700BLK-3PW,9700BLK-1PW
90 x 38.5 x 40H,Power Double Reclining Sofa,9668BRW-3PW,9668BRW-3PW
83 x 38.5 x 40H,,9668BRW-3PW,9668BRW-2PW
42 x 38.5 x 40H,Power Reclining Chair,9668BRW-3PW,9668BRW-1PW
90 x 38.5 x 40H,Power Double Reclining Sofa,9668BLK-3PW,9668BLK-3PW
83 x 38.5 x 40H,,9668BLK-3PW,9668BLK-2PW
42 x 38.5 x 40H,Power Reclining Chair,9668BLK-3PW,9668BLK-1PW
85.75 x 35 x 36.25H,Sofa,8579DB-3,8579DB-3
63 x 35 x 36.25H,Love Seat,8579DB-3,8579DB-2
40.25 x 35 x 36.25H,Chair,8579DB-3,8579DB-1
98.5 x 39.75 x 32H,Sofa,8427-3,8427-3
74.75 x 39.75 x 32H,Love Seat,8427-3,8427-2
51.25 x 39.75 x 32H,Chair,8427-3,8427-1
84 x 35.75 x 35.75H,Sofa,8413YW-3,8413YW-3
61.5 x 35.75 x 35.75H,Love Seat,8413YW-3,8413YW-2
38.5 x 35.75 x 35.75H,Chair,8413YW-3,8413YW-1
84 x 35.75 x 35.75H,Sofa,8413TL-3,8413TL-3
61.5 x 35.75 x 35.75H,Love Seat,8413TL-3,8413TL-2
38.5 x 35.75 x 35.75H,Chair,8413TL-3,8413TL-1
84 x 35.75 x 35.75H,Sofa,8413GY-3,8413GY-3
61.5 x 35.75 x 35.75H,Love Seat,8413GY-3,8413GY-2
38.5 x 35.75 x 35.75H,Chair,8413GY-3,8413GY-1
84 x 35.75 x 35.75H,Sofa,8413BE-3,8413BE-3
61.5 x 35.75 x 35.75H,Love Seat,8413BE-3,8413BE-2
38.5 x 35.75 x 35.75H,Chair,8413BE-3,8413BE-1
84 x 36.5 x 45H,Sofa,8412-3,8412-3
64 x 36.5 x 45H,Love Seat,8412-3,8412-2
31.5 x 31 x 47.5H,Accent Chair,8412-3,8412-1
53 x 38.5 x 39H,Left Side Reclining Love Seat,8411,8411-2L
66 x 38.5 x 39H,Left Side Reclining Love Seat with Center Console,8411,8411-2LCN
53 x 38.5 x 39H,Right Side Reclining Love Seat,8411,8411-2R
66 x 38.5 x 39H,Right Side Reclining Love Seat with Center Console,8411,8411-2RCN
59 x 40 x 39H,Corner Seat,8411,8411-CR
,,8405BJ-3,8405BJ-3SL
90 x 36.5 x 36.25H,Sofa,8405BJ-3,8405BJ-3
68 x 36.5 x 36.25H,Love Seat,8405BJ-3,8405BJ-2
45 x 36.5 x 36.25H,Chair,8405BJ-3,8405BJ-1
30.75 x 23.5 x 20H,Ottoman,8405BJ-3,8405BJ-4
81 x 38 x 38.5H,Double Reclining Sofa with Center Drop-Down Cup Holders,8403-3,8403-3
61 x 38 x 38.5H,Double Reclining Love Seat,8403-3,8403-2
39.5 x 38 x 38.5H,Reclining Chair,8403-3,8403-1
30.5 x 34.5 x 39.75H,,1234-1,1234-1
32 x 25.5 x 20.25H,,1234-1,1234-4
78 x 33 x 32.5H,Sofa,8518,8518-3
56 x 33 x 32.5H,Love Seat,8518,8518-2
33 x 33 x 32.5H,Chair,8518,8518-1
86 x 36 x 39H,Sofa,8511TP,8511TP-3
64 x 36 x 39H,Love Seat,8511TP,8511TP-2
45 x 36 x 39H,Chair,8511TP,8511TP-1
86 x 36 x 39H,Sofa,8511BK,8511BK-3
64 x 36 x 39H,Love Seat,8511BK,8511BK-2
45 x 36 x 39H,Chair,8511BK,8511BK-1
74.5 x 38 x 30.25H,Sofa,8507BE,8507BE-3
38 x 38 x 30.25H,Chair,8507BE,8507BE-1
22 x 37 x 39H,Armless Chair,9669FCP,9669FCP-AC
13 x 37 x 39H,Console,9669FCP,9669FCP-CN
62 x 37 x 39H,Corner Seat,9669FCP,9669FCP-CR
67 x 37 x 39H,Left Side Reclining Love Seat with Console,9669FCP,9669FCP-LL
32 x 59 x 39H,Right Side Reclining Chaise,9669FCP,9669FCP-RC
84 x 37 x 40H,Double Reclining Sofa,8500BLK,8500BLK-3
63 x 37 x 40H,Double Reclining Love Seat,8500BLK,8500BLK-2
40 x 37 x 40H,Reclining Chair,8500BLK,8500BLK-1
90 x 38.5 x 40H,Double Reclining Sofa,9668BRW,9668BRW-3
83 x 38.5 x 40H,Doble Glider Reclining Love Seat with Center Console,9668BRW,9668BRW-2
42 x 38.5 x 40H,Glider Reclining Chair,9668BRW,9668BRW-1
90 x 38.5 x 40H,Double Reclining Sofa,9668BLK,9668BLK-3
83 x 38.5 x 40H,Doble Glider Reclining Love Seat with Center Console,9668BLK,9668BLK-2
42 x 38.5 x 40H,Glider Reclining Chair,9668BLK,9668BLK-1
90 x 40 x 40H,Double Reclining Sofa,9636-3,9636-3
79 x 40 x 40H,Doble Glider Reclining Love Seat with Center Console,9636-3,9636-2
43 x 40 x 40H,Glider Reclining Chair,9636-3,9636-1
, Double Reclining Sofa ,8524RD,8524RD-3
, Double Glider Reclining Love Seat with Center Console ,8524RD,8524RD-2
, Glider Reclining Chair ,8524RD,8524RD-1
, Double Reclining Sofa ,8524BK,8524BK-3
, Glider Reclining Chair ,8524BK,8524BK-1
, Double Glider Reclining Love Seat with Center Console ,8524BK,8524BK-2
79 x 33 x 35H,Sofa,9639,9639-3
57 x 33 x 35H,Love Seat,9639,9639-2
36 x 33 x 35H,Chair,9639,9639-1
86 x 37 x 38H,Sofa,9616BRW,9616BRW-3
63 x 37 x 38H,Love Seat,9616BRW,9616BRW-2
42 x 37 x 38H,Sofa,9616BRW,9616BRW-1
90 x 40 x 40H,Double Reclining Sofa,9636CC-3,9636CC-3
43 x 40 x 40H,Glider Reclining Chair,9636CC-3,9636CC-1
79 x 40 x 40H,Doble Glider Reclining Love Seat with Center Console,9636CC-3,9636CC-2
70 x 39.5 x 40H,Left Side 2-Seater,9739CH,9739CH-L
38 x 69 x 40H,Right Side Chaise,9739CH,9739CH-R
67 x 29.5 x 22.5H,Ottoman,9739CH,9739CH-4
79.5 x 33 x 38H,Sofa,9715PU,9715PU-3
60 x 33 x 38H,Love Seat,9715PU,9715PU-2
38 x 33 x 38H,Chair,9715PU,9715PU-1
70 x 37 x 39H,Left Side Double Reclining Love Seat with Console,9600,9600-2L
63 x 40.5 x 39H,Corner Seat,9600,9600-CR
23 x 37 x 39H,Armless Chair,9600,9600-AC
57 x 37 x 39H,Right Side Reclining Love Seat,9600,9600-2R
, Sofa ,9603WHT,9603WHT-3
, Love Seat ,9603WHT,9603WHT-2
, Chair ,9603WHT,9603WHT-1
, Sofa ,9603BLK,9603BLK-3
, Love Seat ,9603BLK,9603BLK-2
, Chair ,9603BLK,9603BLK-1
91.5 x 38.5 x 39H,Double Reclining Sofa,9778BLK,9778BLK-3
68 x 38.5 x 39H,Double Reclining Love Seat,9778BLK,9778BLK-2
44 x 38.5 x 39H,Glider Reclining Chair,9778BLK,9778BLK-1
83 x 37.5 x 38.5H,Double Reclining Sofa,9700FCP,9700FCP-3
62 x 37.5 x 38.5H,Double Reclining Love Seat,9700FCP,9700FCP-2
38 x 37.5 x 38.5H,Reclining Chair,9700FCP,9700FCP-1
88 x 38.5 x 39.5H,Double Reclining Sofa with Center Drop-Down Cup Holders,9724BRW,9724BRW-3
77 x 38.5 x 39.5H,Double Glider Reclining Love Seat with Center Console,9724BRW,9724BRW-2
40.5 x 38.5 x 39.5H,Glider Reclining Chair,9724BRW,9724BRW-1
88 x 38.5 x 39.5H,Double Reclining Sofa with Center Drop-Down Cup Holders,9724BLK,9724BLK-3
77 x 38.5 x 39.5H,Double Glider Reclining Love Seat with Center Console,9724BLK,9724BLK-2
40.5 x 38.5 x 39.5H,Glider Reclining Chair,9724BLK,9724BLK-1
86.5 x 41 x 39H,Double Reclining Sofa,9723,9723-3
70.5 x 41 x 39H,Double Reclining Love Seat,9723,9723-2
46.5 x 41 x 39H,Glider Reclining Chair,9723,9723-1
39 x 39 x 40H,"Power Reclining Chair with Massage, LED & Cup Cooler",9745BRW-1,9745BRW-1
35 x 37 x 40H,Power Lift Chair,9769BR,9769BR-1LT
35 x 37 x 40H,Power Lift Chair,9769,9769-1LT
70 x 39.5 x 40H,Left Side 2-Seater,9739,9739-L
38 x 69 x 40H,Right Side Chaise,9739,9739-R
67 x 29.5 x 22.5H,Ottoman,9739,9739-4
84.25 x 33.75 x 36.5H,Sofa,9734CH-3,9734CH-3
63 x 36 x 36.5H,Love Seat,9734CH-3,9734CH-2
40.5 x 36 x 36.5H,Chair,9734CH-3,9734CH-1
84.25 x 36 x 36.5H,Sofa,9734BR-3,9734BR-3
63 x 36 x 36.5H,Love Seat,9734BR-3,9734BR-2
40.5 x 36 x 36.5H,Chair,9734BR-3,9734BR-1
82 x 32 x 34.5H,Sofa,9701BLK,9701BLK-3
60 x 32 x 34.5H,Love Seat,9701BLK,9701BLK-2
37 x 32 x 34.5H,Chair,9701BLK,9701BLK-1
83 x 37.5 x 38.5H,Double Reclining Sofa,9700BLK-3,9700BLK-3
62 x 37.5 x 38.5H,Double Reclining Love Seat,9700BLK-3,9700BLK-2
38 x 37.5 x 38.5H,Reclining Chair,9700BLK-3,9700BLK-1
83 x 37.5 x 38.5H,Double Reclining Sofa,9700BRW-3,9700BRW-3
62 x 37.5 x 38.5H,Double Reclining Love Seat,9700BRW-3,9700BRW-2
38 x 37.5 x 38.5H,Reclining Chair,9700BRW-3,9700BRW-1
78 x 34 x 36H,,9909BR,9909BR-3
84 x 34 x 36H,,9909BR,9909BR-5
37.5 x 26 x 20H,Ottoman,9909BR,9909BR-4
78 x 34 x 36H,,9909CH,9909CH-3
84 x 34 x 36H,,9909CH,9909CH-5
37.5 x 26 x 20H,Ottoman,9909CH,9909CH-4
32.5 Dia x 30H,Swivel Chair,1200BRW,1200BRW
32.5 Dia x 30H,Swivel Chair,1200BLK,1200BLK
36 x 26 x 19.5H,Lift Top Storage Cocktail Ottoman,4501-F2,4501-F2
36 x 26 x 19.5H,Lift Top Storage Cocktail Ottoman,4501-F1,4501-F1
29.5 x 31.5 x 37.5H,Accent Chair,1195F1S,1195F1S
28 x 30 x 37.5H,Accent Chair,1279F3S,1279F3S
28 x 30 x 37.5H,Accent Chair,1279F2S,1279F2S
29 x 31.5 x 34.25H,Accent Chair,1280GY,1280GY
29 x 31.5 x 34.25H,Accent Chair,1280BL,1280BL
29 x 31.5 x 34.25H,Accent Chair,1280BE,1280BE
28 x 30.25 x 34.75H,Accent Chair,1194TL,1194TL
28 x 30.25 x 34.75H,Accent Chair,1194CH,1194CH
28 x 30.25 x 34.75H,Accent Chair,1194TP,1194TP
28 x 30.25 x 34.75H,Accent Chair,1194IN,1194IN
31.5 x 34 x 44.25H,Accent Chair with 1 Kidney Pillow,1217F2S,1217F2S
,,1267GY,1267GY
29 x 36 x 40H,Push Back Reclining Chair,8347BE-1,8347BE-1
30 x 37 x 40H,Push Back Reclining Chair,8348BL-1,8348BL-1
28.75 x 35.5 x 40H,Push Back Reclining Chair,8214BRW-1,8214BRW-1
33 x 35 x 39H,Push Back Reclining Chair,8213-1,8213-1
31 x 35 x 39H,Push Back Reclining Chair,8215GY-1,8215GY-1
31 x 35 x 39H,Push Back Reclining Chair,8215BJ-1,8215BJ-1
32.5 x 36 x 40H,Reclining Chair,8205BR-1,8205BR-1
32.5 x 36 x 40H,Reclining Chair,8205CH-1,8205CH-1
38 x 36 x 40H,Power Reclining Chair,8237PU-1PW,8237PU-1PW
31 x 35.75 x 42.25H,Power Lift Chair,8222-1LT,8222-1LT
82 x 58.5 x 36.5H,Reversible Sofa Chaise,8209BR-3SC,8209BR-3SC
82 x 58.5 x 36.5H,Reversible Sofa Chaise,8208-3SC,8208-3SC
98 x 65.5 x 39H,,8228TP,8228TP
98 x 65.5 x 39H,,8228BU,8228BU
99 x 59 x 35.25H,,8211,8211
47 x 24 x 17H,Cocktail Table,8219-30,8219-30
46 x 23.5 x 19H,Ottoman,8337FA-3,8337FA-4
30 x 33.75 x 37H,Accent Chair,8327GY-1S,8327GY-1S
31.5 x 30.75 x 32.75H,Accent Chair,1212F4S,1212F4S
31.5 x 30.75 x 32.75H,Accent Chair,1193F6S,1193F6S
31.5 x 30.75 x 32.75H,Accent Chair,1193F7S,1193F7S
31.5 x 30.75 x 32.75H,Accent Chair,1193F4S,1193F4S
31.5 x 30.75 x 32.75H,Accent Chair,1193F5S,1193F5S
31.5 x 30.75 x 32.75H,Accent Chair,1193F3S,1193F3S
28.5 x 34.5 x 42.75H,Accent Chair with 1 Kidney Pillow,1270F3S,1270F3S
28.5 x 34.5 x 42.75H,Accent Chair with 1 Kidney Pillow,1270F2S,1270F2S
28.5 x 34.5 x 42.75H,Accent Chair with 1 Kidney Pillow,1270F1S,1270F1S
31.5 x 33.5 x 40H,Accent Chair,1260F2S,1260F2S
31.5 x 33.5 x 40H,Accent Chair,1260F1S,1260F1S
33.5 x 33.5 x 39H,Accent Chair with 1 Kidney Pillow,1245F2S,1245F2S
37.5 x 38 x 40.5H,Accent Chair,1266F1S,1266F1S
32.5 x 37.5 x 40.25H,Accent Chair with 1 Kidney Pillow,1257F1S,1257F1S
35 x 36.75 x 41.25H,Power Lift Chair,8437DBR-1LT,8437DBR-1LT
30 x 33.75 x 37H,Accent Chair,8327TL-1S,8327TL-1S
37 x 28 x 20H,Ottoman,8477-4,8477-4
38 x 38 x 19.25H,Ottoman,8335-4,8335-4
36.25 x 36.25 x 18.25H,Ottoman,8324-4,8324-4
44.5 x 19 x 18.75H,Lift Top Storage Bench,4741FA,4741FA
21 x 25 x 34.5H,,1255F1S,1255F1S
20 x 25 x 36H,Accent Chair,1249F1S,1249F1S
32.75 x 33 x 35H,,1233TL,1233TL
32.75 x 33 x 35H,,1233RN,1233RN
32.75 x 33 x 35H,,1233MD,1233MD
32.75 x 33 x 35H,,1233GY,1233GY
35 x 36.75 x 41.25H,Power Lift Chair,8437-1LT,8437-1LT
29.75 x 38 x 41H,Reclining Chair,8404TP-1,8404TP-1
29.75 x 38 x 41H,Reclining Chair,8404DB-1,8404DB-1
80 x 58.5 x 36.5H,Reversible Sofa Chaise,8401-3SC,8401-3SC
,,4829LN,4829LN
31.5 x 31 x 47.5H,Accent Chair,8412-1,8412-1
26 x 23 x 30H,Accent Chair,1191F6S,1191F6S
26 x 23 x 30H,Accent Chair,1191F5S,1191F5S
26 x 23 x 30H,Accent Chair,1191F2S,1191F2S
26 x 23 x 30H,Accent Chair,1191F4S,1191F4S
26 x 23 x 30H,Accent Chair,1191F3S,1191F3S
26 x 23 x 30H,Accent Chair,1191F1S,1191F1S
22.75 x 29.5 x 32.5H,Armless Chair,468F25S,468F25S
31.5 x 30.75 x 32.75H,Accent Chair,1212F1S,1212F1S
31.5 x 30.75 x 32.75H,Accent Chair,1212F2S,1212F2S
31.5 x 30.75 x 32.75H,Accent Chair,1193F1S,1193F1S
31.5 x 30.75 x 32.75H,Accent Chair,1193F2S,1193F2S
31.5 x 34 x 44.25H,Accent Chair with 1 Kidney Pillow,1217F1S,1217F1S
32 x 32.5 x 37.25H,Accent Chair with 1 Kidney Pillow,1216f1s_2014S-127,1216F1S
30.75 x 37.5 x 41H,Power Lift Chair,8545-1LT,8545-1LT
31 x 35.5 x 41H,Power Lift Chair,8509-1LT,8509-1LT
,,8555WHT-1,8555WHT-1
,,8555BLK-1,8555BLK-1
,,8548BLK-1,8548BLK-1
,,8548BRW-1,8548BRW-1
,,4838,4838
,,4829DB,4829DB
,,4823GP,4823GP
,,4823BR,4823BR
,,4809CH,4809CH
